N_sigma,mass,beta,mmd_mean,mmd_std,mmd_run1,mmd_run2,mmd_run3,mmd_run4,mmd_run5,mmd_run6,mmd_run7,mmd_run8,mmd_run9,mmd_run10
16.0,0.075,4.968,0.0006807513193052728,0.00034054395946441217,0.0012585243675857782,0.0007272696238942444,0.0004640399420168251,0.0009724989649839699,9.640417556511238e-05,0.0004736398404929787,0.0004965343396179378,0.0006358742830343544,0.0007657374953851104,0.0009169901604764163
16.0,0.075,4.97,0.004258189769461751,0.0006538246816489846,0.0038253944367170334,0.004159224219620228,0.0040161325596272945,0.004212330095469952,0.00384531170129776,0.0043411944061517715,0.005685507319867611,0.004536911845207214,0.004158916417509317,0.0038009746931493282
16.0,0.075,4.969,0.003318679053336382,0.0009063257894013077,0.0038559020031243563,0.003927216399461031,0.003512667492032051,0.003688546596094966,0.0028426069766283035,0.0028835185803472996,0.002986923325806856,0.0024011789355427027,0.003409187076613307,0.003679043147712946
8.0,0.075,4.972,0.0003265306746470742,0.00018131407268811016,0.0003566550149116665,0.0005316504975780845,0.00012646308459807187,0.000297489867080003,0.0002567819901742041,0.0002041818806901574,0.0003123205970041454,0.0003630557912401855,0.000311309180688113,0.0005053988425061107
8.0,0.075,4.968,0.0002549550190451555,0.00021028593837399968,0.0001814595452742651,0.0003235462645534426,0.00023924636479932815,0.0002673029084689915,0.00015785831783432513,0.00026613211957737803,0.00026781827909871936,0.0002947351604234427,0.0002966499887406826,0.00025480124168097973
8.0,0.075,4.966,0.00021604648500215263,0.00016210527683142574,0.00024382121046073735,0.00015277907368727028,0.00012711086310446262,0.00019370614609215409,0.00019192621402908117,0.0003615579043980688,0.00020156703249085695,0.00041530714952386916,0.00010423187632113695,0.00016845737991388887
8.0,0.075,4.97,0.00037434655241668223,0.0003017997703864239,0.000487370794871822,0.0003783883876167238,0.00036969463690184057,0.00034804295864887536,0.0003453358949627727,0.00021881447173655033,0.000261689507169649,0.0004989844164811075,0.00039641716284677386,0.00043872729293070734
12.0,0.075,4.968,0.0004391692709759809,0.00035243935635662635,0.00022399090812541544,0.00034742054413072765,0.0010221104603260756,0.0003698329674080014,0.0004330649971961975,0.0002269447286380455,0.00037204151158221066,0.0002624110202305019,0.00028813566314056516,0.0008457399089820683
12.0,0.075,4.97,0.000304731800861191,0.00022310162748908624,0.0003151854034513235,0.00013750747893936932,0.0004143090336583555,0.00026522603002376854,0.00048107365728355944,0.00022697944950778037,0.0002671934198588133,0.0003727932635229081,0.00026856959448195994,0.00029848067788407207
12.0,0.075,4.969,0.0012298108078539372,0.0005483460903633386,0.0019894796423614025,0.0008584774914197624,0.0013228574534878135,0.0011486609000712633,0.0010643586283549666,0.0013914977898821235,0.0008058192324824631,0.001057389541529119,0.0014204494655132294,0.0012391179334372282
16.0,0.08,4.98,0.0012165289255790413,0.0003408685268368572,0.001040202914737165,0.000661117082927376,0.0017149411141872406,0.0010006553493440151,0.0017168823396787047,0.0008793614688329399,0.00128733750898391,0.0016513566952198744,0.001205733511596918,0.0010077012702822685
16.0,0.08,4.979,0.0035440831212326883,0.0008721632300876081,0.003897765651345253,0.004319983534514904,0.004410219378769398,0.004018531180918217,0.002529568737372756,0.0029122009873390198,0.0031642629764974117,0.002904345979914069,0.003352724714204669,0.003931228071451187
16.0,0.08,4.978,0.0003936933688237332,0.00017448521393816918,0.00037395607796497643,0.0001932212762767449,0.00037627742858603597,0.0003101471229456365,0.0004981423844583333,0.0004069399437867105,0.00027806643629446626,0.000538571912329644,0.00032891816226765513,0.0006326929433271289
8.0,0.08,4.982,0.0003330466235638596,0.00023070027236826718,0.00032671625376679003,0.0002642819890752435,0.00047567725414410233,0.0003140317276120186,0.00027718007913790643,0.00025737672694958746,0.00016175575728993863,0.00037490989780053496,0.0007310199434868991,0.00014751660637557507
8.0,0.08,4.98,0.00014822944140178152,0.0001287300663534552,0.00016742288426030427,0.00011243096378166229,0.00019821399473585188,0.0001477848127251491,0.0001257227559108287,0.00017766670498531312,0.00010114964243257418,0.00021277213818393648,0.00014119241677690297,9.793810022529215e-05
8.0,0.08,4.978,0.00024447722971672193,0.00016986796763376332,0.0002868310548365116,0.00024106823548208922,0.00031552877044305205,0.00022171503223944455,0.00017268655938096344,0.00015471909136977047,0.0002294422301929444,0.0003851029905490577,0.000220884830923751,0.00021679350174963474
8.0,0.08,4.976,0.0002887220907723531,0.0001896493231470231,0.00028622421086765826,8.371463627554476e-05,0.00011964379518758506,0.0008236888679675758,0.00016639621753711253,0.0003706870775204152,0.0001735450205160305,0.0003048504877369851,0.00021531809761654586,0.0003431524964980781
12.0,0.08,4.98,0.0004532383056357503,0.0002441934891976416,0.00040952401468530297,0.0003685378178488463,0.00022579636424779892,0.00015704685938544571,0.0005363795207813382,0.000831080018542707,0.0005996852414682508,0.0006773372879251838,0.0002645433705765754,0.0004624525608960539
12.0,0.08,4.979,0.000324630339309806,0.00025280107947764916,0.00027334524202160537,0.00010031667625298724,0.00039403123082593083,0.0007858004537411034,0.00023107978631742299,0.0003977507003583014,0.00029821571661159396,0.00010053919686470181,0.0003205953980796039,0.0003446289920248091
12.0,0.08,4.978,0.0002626291665364988,0.00018673328231670893,0.00014593094238080084,0.00039514232776127756,0.0004541215021163225,0.00035908957943320274,0.0002109034248860553,0.0002778040070552379,0.00017544538422953337,0.00020989635959267616,0.00020950993348378688,0.0001884482044260949
16.0,0.09,4.999,0.0001668380238697864,0.00012407541362335905,0.0001842509227572009,0.00020115904044359922,0.0002802975650411099,0.00013192530605010688,8.722711936570704e-05,0.00012637156760320067,0.00024953196407295763,0.00010629056487232447,0.00013039435725659132,0.00017093183123506606
16.0,0.09,4.998,0.00011877144279424102,0.00010542408199398778,0.00020496950310189277,8.072451601037756e-05,5.875797796761617e-05,5.873607733519748e-05,0.0001408029638696462,0.00017620858852751553,0.00011211356468265876,7.335377449635416e-05,0.00012424294254742563,0.00015780451940372586
8.0,0.09,4.996,0.0001970645782421343,0.00017289842398895416,0.00016965300892479718,0.0001464347296860069,0.00031692846096120775,0.0001767967623891309,0.00013842742191627622,0.00019333904492668808,0.00010476633906364441,0.000338059791829437,0.00021398396347649395,0.00017225625924766064
8.0,0.09,5.0,0.0003286095889052376,0.0002178040835133288,0.00043779012048617005,0.000380964542273432,0.0003196224570274353,0.0002865049464162439,0.0003279225784353912,0.0002791488659568131,0.0002925118897110224,0.0003406980831641704,0.0002901067491620779,0.0003308256564196199
8.0,0.09,5.002,0.00022120734356576577,0.00016010710860427934,0.00014361590729095042,0.0001735447731334716,0.00021566501527559012,0.0002743492368608713,0.0003571214620023966,0.0001294428075198084,0.00017599512648303062,0.0003906952333636582,0.0001232921495102346,0.00022835172421764582
8.0,0.09,4.998,0.0002085263309709262,0.00018988433657796122,0.00015311434981413186,0.00023891287855803967,0.0001466366957174614,0.0003189149429090321,0.00010814725101226941,0.0001309502695221454,9.203770605381578e-05,0.0005214427364990115,0.00020768260583281517,0.0001674238737905398
12.0,0.09,4.998,0.0002279313077451661,0.00015348970773629845,0.0003946172073483467,0.0001340198068646714,0.0004028714611195028,0.00015126308426260948,0.00030197956948541105,0.00014738285972271115,0.0002007696748478338,0.00020302091434132308,0.00018409627955406904,0.00015929221990518272
12.0,0.09,4.996,0.00017030002709361725,8.150388384819962e-05,0.00017319482867605984,0.00016407054499723017,0.00017986749298870564,0.00018119587912224233,0.00012030056677758694,0.00016575216432102025,0.000158715556608513,0.0002880093816202134,7.278155680978671e-05,0.0001991122990148142
12.0,0.09,5.0,0.0001091773621737957,8.611088123871014e-05,9.679219510871917e-05,8.678323501953855e-05,7.055162859614938e-05,0.00015367154264822602,7.615684444317594e-05,7.498137711081654e-05,6.160455814097077e-05,0.00018955999985337257,0.00013721569848712534,0.00014445654232986271
16.0,0.085,4.988,0.0011893451097421347,0.00036192031257087365,0.0011751876445487142,0.0015211236895993352,0.0019700927659869194,0.0012877897825092077,0.0011371157597750425,0.0006651089643128216,0.0015426878817379475,0.0006097629084251821,0.0014466296415776014,0.0005379520589485765
16.0,0.085,4.99,0.0006142952479422092,0.00013451209961203858,0.0005073006032034755,0.0005032461485825479,0.0006430437788367271,0.0005417867214418948,0.0005704141804017127,0.0006493797991424799,0.0007033755537122488,0.0007109477883204818,0.0006718442891724408,0.0006416136166080832
16.0,0.085,4.989,0.0006522895506350324,0.00031862817413639275,0.0005571848014369607,0.0002143904275726527,0.0005779495695605874,0.00037276436341926455,0.0007821329636499286,0.0013089505955576897,0.0006908258656039834,0.0011429758742451668,0.000571098062209785,0.0003046229830943048
8.0,0.085,4.992,0.00016106653965834993,0.00015838531217013952,0.0001759969600243494,0.00010102315718540922,0.00016406012582592666,0.0001679147535469383,0.0002607404603622854,7.091084989951923e-05,9.636399772716686e-05,0.00030983364558778703,0.00020712897821795195,5.669246820616536e-05
8.0,0.085,4.988,0.00017912592084030622,0.00015831812052056194,0.00011183861352037638,0.00021822373673785478,0.000211152684642002,0.00014389786520041525,0.00022591053857468069,0.000251432356890291,0.00020814167510252446,8.496449299855158e-05,0.00017569714691489935,0.00016000009782146662
8.0,0.085,4.99,0.00023306670918827878,0.00017117039460572413,0.00018790856120176613,0.0004046726389788091,0.00029345654183998704,0.00020176293037366122,0.0002114668022841215,0.0002946561435237527,0.00017794739687815309,0.00014742517669219524,0.00019870695541612804,0.00021266394469421357
12.0,0.085,4.988,0.00019238187378505244,0.00014972687131376006,0.00011654307309072465,0.00013904627121519297,0.0002710379776544869,0.00010900775669142604,0.00019038523896597326,0.0001905103854369372,0.00022693953360430896,0.00047015113523229957,9.014028182718903e-05,0.0001200570841319859
12.0,0.085,4.99,0.0001961211659363471,0.0001442117452825187,0.0003821808786597103,0.00018113396072294563,0.0002566892362665385,9.748323645908386e-05,0.00012421561405062675,0.00012901605805382133,7.80616101110354e-05,0.00023816083557903767,0.0001239367702510208,0.00035033345920965075
12.0,0.085,4.989,0.00021530467420234346,0.00015561913351120894,0.00021419271070044488,0.0002475572400726378,0.00014354080485645682,0.00028924044454470277,0.00010816246503964067,0.00025927042588591576,0.0002314008743269369,0.00023106051958166063,8.243579213740304e-05,0.00034618546487763524
